ID,BB14303,TRB012,TRB003,TRB016,TRB002,BB1543,TRB010,BB14277,TRB011,TRB004,TRB015,TRB013,TRB027,TRB021,TRB006,TRB007,TRB008,TRB019,BB14206,TRB025,TRB017,TRB014,BB14243,BB14294,BB15476,BB15324,BB14321,BB14254,TRB005,TRB024
cg00056066,0.8257812173174143,1.5190775080649823,1.3618113081454823,1.0170191609668744,0.9773772352501856,0.7819243051147404,1.1598725066816928,1.0191622397671702,0.8995125902807266,0.8820446712010742,0.9329269619409855,1.2977550571736018,1.301186948568787,1.2941110055966383,1.2750402958622247,1.1922044997992582,1.5232457516769817,1.2425830553838986,0.9350002719353638,0.9335142098108185,1.2519780336782254,0.7058315879939167,0.51869374538251,0.8225134625245589,1.1971347697435533,0.5837032122106841,1.3386498418899708,0.7928312902058912,0.7786147901065652,0.9324919390333166
cg00191853,0.7722054032347191,1.0589763648515553,0.47550416393860023,0.7997277214677161,0.5561234573778459,0.8345656348102638,0.954262786207905,0.4704384015528536,1.6203166071075925,1.3835951122786345,0.8354873986371255,1.7744406717584496,0.3257619642909049,1.0501902548292605,0.7652209759184068,1.2156207935741947,0.2954529755954366,1.100180491128087,0.8615283293038352,1.3569261709973623,0.9963497323097904,0.8686169872251199,1.1459125225289046,0.5321345943569874,1.0048391887419694,1.5418462308510485,1.3384202669671565,1.0422186229291115,1.0854620626190994,0.7025767372679916
cg00192046,1.8698246901283224,1.2331083926834894,0.8602339807920625,1.73699349120656,0.7198821723119846,1.8913707039249483,1.7515196072012496,1.5150293799818684,1.7473590291426881,1.0303740093902558,1.0963043589901238,0.8950000148776136,0.9454513719221237,1.2536475466490726,1.7444651979922172,1.282626353460612,1.349899927505991,1.3145140521296728,0.9780845410254575,1.4112227759200202,1.912951028361087,1.248334356892221,1.4029758136941326,1.3760592585191511,0.6402708563142343,1.8688087014572927,1.5377465428200825,0.6608593664582977,0.7552504061860259,0.9021346404532832
cg00836161,1.2269282157495285,1.6246095547759372,1.2784907272002402,1.0465278603599006,0.2611355880979599,1.4652828374623077,1.4170394816370444,1.0661773106366632,1.2942333542729683,1.1777581265849333,1.216237235163648,0.5112822071727046,1.1033012940181444,1.5304483303326877,1.322775514334399,0.07739245673723066,1.3461798217041756,0.30043738500590195,1.7132931790452401,1.0434419204145369,0.9014289841701412,0.2635201051510376,0.8113019066643399,1.4649341435627405,0.8934865729294765,0.9888811858101755,1.3090113003842272,0.9149549411957456,0.641147609894133,0.9334863493405376
cg00843795,1.3341543168232062,0.979244131949126,0.8109148123304293,0.15609171309544462,0.41171311265622135,1.4962941612741256,1.6171428980985274,1.5781952426486687,1.1163908604789405,1.2826508925187843,1.1674495703511387,1.3116551055199892,1.042341107315167,1.560674171033874,1.7372857806247244,1.468619689630394,1.636083825002267,0.9097681171178106,1.3487587031287749,1.7055132893832186,1.7480667732396733,0.6284237372249063,1.5417480848500733,0.8273629412779007,0.982991067581066,1.447132362274626,0.5065567360785974,1.7166410421214167,1.3800946963760614,1.1352739431026264
cg01311063,1.1940788892468042,1.0295218907650376,0.9594553705958645,1.1413208302131967,1.0229826741855603,0.5568646680500144,1.1694757329648087,1.514568173123525,1.5321018090243006,1.1289561296931245,0.8168879837936421,1.4882457494439265,1.7096902096000137,1.5603610337470473,1.6671492693126901,0.9324126374035233,0.7833410224114271,0.9312934521440692,1.7199622055495052,1.90062226956915,1.73294612303825,1.2528867180512853,1.8273515709423278,1.845837864417297,1.0128543209135563,1.0089745713285376,0.9492619094248059,0.7614438181829385,0.2784099168736667,1.5233621281369536
cg01479912,0.6708625980616847,0.9847824464053073,1.36318577079576,0.504361512278255,0.7416203276839567,0.7820305140374523,0.9611973837707181,0.7363864079397494,0.7594547244558093,0.261430067108964,0.3583373274747973,0.16414781673671502,0.4212924486342541,0.5048163502392594,1.210947673480957,0.7476975739935744,0.7744297269317862,0.45686983795083347,0.5739545625265405,1.3583462077510884,0.6569426765655283,0.653653190260067,0.6805204224010689,1.1261352728239227,0.8108280964446692,0.3209842764333233,1.2143515923355244,1.066587790867768,0.7678930044538683,0.44883561334953537
cg01615050,1.657025487883986,1.3665161815289655,0.7273109352510223,0.7679559103083583,0.3398109669190833,1.0365901826395691,0.6256633187435184,1.4950873356283005,0.8984902664069099,1.5148776402479207,1.291102804616687,0.8373418775321773,0.7485238455793379,1.125515708941276,0.7131562489333435,1.0456372955415374,0.8092925175684587,1.5767521879901265,0.9000741566998368,0.9563212788049397,1.1068660114993156,0.5621328282088881,0.8359848579185397,0.6414809978538147,0.39170266985615665,0.8503654751447566,0.988611883195136,0.9381942467747733,1.612496637079429,0.2709508245913355
cg01758122,1.1201232792681943,1.8027780565802574,1.3502088531102268,1.2379338768248456,1.4201458303751644,0.9935944574171574,1.1250378623156838,1.8328987138420483,1.1425142442240614,1.6538354749342585,1.0559276691867248,1.2655490170314017,1.3763710355482175,1.034911354135573,1.4317814928309645,1.3465830171400257,1.0553577106206777,1.8801500576431973,0.6648849707106662,1.1901276278286999,0.5979792101280416,1.4316318464597964,1.4076130219994303,1.753422511487927,1.4650422154282512,0.19681104389513113,1.2788858608166276,0.09464848012620117,1.6432569937486186,0.521683733519602
cg01802772,1.3507846714733858,0.5109687312718916,0.7697649978830257,0.7712270603819622,0.9726931955036215,0.7838329705611919,0.5821493218981613,0.4651944570133845,0.7019753142496402,0.029798339328771312,0.42770805084968955,0.39370530979655444,0.6255388075830688,0.3228058136327278,0.4087153171485992,0.1761894433634156,0.14805896659440843,0.7993407875687327,0.22708458804504814,0.6071676043245402,1.0015785787714326,0.13546019630667827,1.3266521696914544,0.6608318276815139,0.37943190441092794,1.056636611937487,0.22972420804442711,1.4148294607988827,0.5131355403365182,0.9433155614632496
cg02179473,1.514435946395238,1.7316516210987163,1.4813461301027404,1.2671519415552983,0.9679165709856481,1.7475437984020883,1.0510206565327025,1.5823493361551133,1.399573509284933,1.3382423976626057,0.6287967696594612,1.0212186218020254,1.2905388894377365,1.2276890961660936,1.8108475435318399,1.8695733828751566,1.4279641846494846,1.2326848784069522,1.6385187993131074,0.9937243508260575,0.5789638006255711,1.654464255151802,1.8552907085956516,1.1351829641454931,1.1513070384694368,1.7069424607730668,0.8404225585316515,1.0736794793761049,0.8922270171752017,1.5123439272768393
cg02288165,1.723620116429997,1.045413280703431,1.1896251516589786,1.601520785310096,1.1474358707775247,0.9423772349824837,1.8060780614616077,0.5108175024167246,1.5131136849568838,0.7822841512328021,1.5296615633835482,0.8787787401109944,0.8704894558475275,0.9006511899177111,1.6465574553503206,1.249801579870691,1.0408234886397558,1.0678847138817218,1.1395368802292793,1.561347649493682,1.1950891866176274,1.483296963113733,0.40164146702116055,1.779503891541116,1.2536846691075523,1.152146786709729,1.3115544365916136,0.8616223106333303,1.3420884719552881,1.6803330427014609
cg02484732,1.3508071508675394,1.658483088913658,1.333308418073129,0.6404333030483973,0.8066750139453873,0.8939515792160708,1.290012619455986,1.0437737172959725,1.2534300383347583,0.4867668990551901,1.5093673245569414,0.9379575568592438,1.1913844569605805,0.650236417827958,0.8063459197884261,0.6733022370349748,0.9175069186695136,0.6925925707694268,1.0372803166976403,1.5277365588104241,1.212718642869778,0.2444431412512521,0.9248249733545786,0.8983971291223191,0.6092322803065943,1.051360665999209,1.0068722878701364,1.3944351604764045,0.8497264516410582,1.2249278105009151
cg02622647,0.7580615405911233,0.10528953261466968,1.3795570515370423,0.702520110538055,0.11275723343813501,1.266879836639786,0.6403249276079159,1.6461150375407625,0.6394244550021368,0.2015464916924229,0.4294627434245398,0.8737169856111158,0.49623149995388355,0.7668877784007244,0.6294264632238193,1.3563948208810417,0.8851789984655005,0.7671019193276878,1.0758768772818874,0.33025608862108835,0.5123330415716034,0.7869446094829514,0.5553099086588318,0.4059875838335288,1.0306034837383278,1.1538156943809117,0.902907060304975,0.5692284800489559,0.4663384327668328,0.9431381467413796
cg02627240,1.0037035473116136,1.166456557040584,0.7217059393719506,0.9648022702765033,1.2917379049758222,0.32884484696016514,0.9311976621767468,0.6757511483015588,1.2960618537344772,1.1454963316892668,0.9125824220091093,1.70234928623531,0.16296663174858372,0.6628947288772216,0.7314778285882707,1.477615120139271,0.8272933436338898,0.8556521380898229,0.543726499673292,0.8308487419543457,0.5918529897829945,0.701197963574994,0.8097256762883924,0.7538519741262586,0.6529277323443079,0.19446419265844692,1.2642901636980168,1.6852056941945637,0.21150353809901573,1.1728688074058713
cg02627872,1.3007655716985431,1.227870486000262,1.0597879137024178,0.9233044750210253,0.6151297373896457,1.1349090170059268,0.804676554236321,1.0099401791885527,0.9276852683375376,1.2910240776962254,1.8168224770066659,0.4775643690721288,1.009175724487972,1.407354784272335,0.7324831333285129,0.6032576379890859,1.509600372444855,0.020387852136209722,1.0446691085220379,1.8694891009865415,1.8743263984076828,0.7364234655098585,1.6120300303204584,0.76129801429518,0.6844713567833967,1.0636181903817594,1.0000487045796242,0.9888356745142386,1.3603616014044684,0.826373366377109
cg02691506,1.119353059538328,0.689605871888473,1.248863600060548,1.1173675327636703,0.2460899547373127,0.7170806568669024,0.20114604361948935,0.8057299870264648,1.1228598884034922,0.426617725295067,1.0015389037260907,1.2480279468999176,0.7614520626493546,0.9564842894302021,1.14626813574957,0.37514922873236667,0.7263094283906216,0.8044972946172051,0.9729480180932137,0.9066993213503406,1.1451706410694515,1.0933634215677057,0.639649605354827,1.2113713675334343,1.1837959336032355,1.4392734572068728,0.8108963961213397,0.6959240547226826,1.0769187324201992,1.4894146789828966
cg02839725,1.2133573426134656,0.928317881396805,1.7816710576848225,0.15879249262959272,1.1863595654947985,1.3600095598254989,0.7222564281870251,1.1776546155698504,1.3618621131182258,0.6664541680223999,1.5190088541421116,0.7651913449848702,1.0434736697238676,1.0526384386570293,1.3798779701861896,1.149787612505406,1.5103786022138808,0.6112314789009192,1.3636074117840815,0.8556993562364076,0.7095041796022727,1.6545419254045919,1.7040591887546266,1.6437744407671304,1.0120898911883474,1.3986741476062479,1.1603656846719566,0.799978178705858,1.6937218277270119,1.3819866305168595
cg03012280,1.1910298232391754,1.7234442546053321,1.3122583250731432,0.6505065932307726,1.1577241743056497,1.0769159166973328,1.474258743680992,0.9547150344662256,1.2145087455320323,1.4473941198839415,1.125567639564974,0.5919485191689003,0.8147443365363272,0.7046291871252789,0.5876424387330272,0.38428549166774484,1.410630916512821,1.7958965386396915,1.0863688012779282,1.02286973217797,1.328280025653157,0.9312200001956834,1.199479076408291,0.8110956571253357,0.7729088662640975,0.8761751134045634,0.8837037359764447,0.625439578193241,0.7498735419295617,0.6611794206206519
cg03615426,0.8143508718845383,0.6902724695861802,0.4141939002879014,1.4641757840134446,0.6868693062717226,0.7757584003538114,0.6498312409536738,0.8134774895054657,0.4366081909210482,1.268182328038911,0.3113391519546332,0.9693120860940425,0.5146424816667508,0.3716661329666028,1.1402437613549405,0.8805824233328993,0.8767207005385798,1.1133877339900944,0.10626905953949055,0.6946323949979487,0.9608158388813894,1.1160139362947223,0.14171528497529703,1.4029660110919193,0.8285116196539629,1.0090375422235747,0.998649311368953,0.46497439996038237,0.7751562328475171,1.0657821810765151
cg04073914,0.8813746538912038,1.23346840676419,1.3584209626682844,0.6047901039670306,0.8815554426575664,0.5887610211597798,0.8815828204610827,1.607119509719098,0.640884276268408,0.5188971076747655,1.4060112467013313,0.962028026387697,0.21282919420654756,0.15456759681631926,0.8680691842146332,0.1649788369120649,0.8715642808295743,0.9110546626759086,1.579460497393454,1.1497429981773608,0.6596052682200305,1.435435949429219,0.9902119594070031,1.353855280163979,0.28524847085930505,0.7967003525302974,0.7668301379245077,0.5634858360828189,0.30016863911049424,1.2748538663018119
cg04105547,1.752354988183615,1.492150217403067,1.0669309451793136,1.8363678314361782,0.18940501151382008,1.0862861228052638,1.4137698358325892,0.34082966056333264,1.8766552496887683,0.4890972607582678,1.3489083478945192,1.6173168248090213,1.2819651178425262,1.0236415475632126,1.0403069872872288,1.1780710251629218,1.4631912290074305,1.4402022232219918,1.186734106884322,1.735721423813314,1.5037658618240761,1.7149751546763143,1.417857572637471,1.8571457413602885,0.22158101543090536,1.1123662045731726,1.903642096275374,1.0996253914191478,1.0496699951037742,1.5464225794514082
cg04438098,1.7997297262786804,1.153691940816197,1.7926090165720763,0.8837963275006152,0.9268274635790292,1.1829036249391458,0.6846167111935044,0.7110272980348239,1.4087165945453117,1.7449874167506527,1.3509783415349663,0.8800625767661236,1.7741110340891266,0.6940737826358543,1.2712485212303175,0.8462769807343218,1.1384248765094913,1.0651200587608862,0.9302232264704414,1.3462629096120926,1.7583013514936394,1.254951510129489,0.8416302634089956,1.3220052984466475,1.168572409575411,1.3402083988323756,0.9839146046659516,1.6069391854771506,1.5702804025248,1.0806298273854158
cg04464523,1.112908772569055,1.438048830170267,1.5465874036875378,0.5412235526128443,0.9964328007461691,1.517697864764337,1.1199215968045433,1.1727863212805096,0.3140063002113056,0.9840979239994381,0.9930568678513748,1.753702360428468,1.5084950475850816,1.70655234736972,0.9400991697147876,0.9688907919959496,1.7906945652077668,1.7038360200677167,0.9266527377400061,1.2909864141081302,1.4177342619304902,0.9634915993018217,1.8295006173895163,1.3307334464930496,1.276806571601771,1.6994943533945417,0.6825330634623065,1.063662459537738,0.9737041877284625,0.5820302842876081
cg04520693,1.5625945759184061,1.0603091047958382,1.380946193392724,1.4597235314067634,1.1406379166510634,0.3200509355420084,0.9373180518905729,1.611940647530767,0.13092288282062078,0.9265160812308983,0.8418947859655357,1.1328015077362117,1.3821394060582748,0.9120064353476414,0.6963768278798884,0.5830345579074938,1.0364683631727734,1.5531348629638784,0.8403501170232853,1.375076860840178,0.7102183995705456,0.7998425966181859,1.0057819790262423,1.1839946516456885,0.8845171669708686,0.6490929294448847,0.13326310529686716,1.0102948721482898,0.2224753740164262,1.558961058518486
cg04692312,0.267829158179618,0.35903849255182063,0.8901223275286594,0.48852180343463186,0.8755622233522624,0.5229296430861422,1.5759270604028304,0.6992668241589393,0.48489885763074375,1.164786797408993,0.9405162943353327,0.5845578183247144,0.22028686018074617,0.40894176945791033,0.7588386432723689,1.326498333447577,0.702709407145081,0.3635662228034775,0.45446490600702766,0.15690868080671533,1.2766896871791023,0.4516993661378927,0.16270949430508336,0.749417329638445,0.4460987261083779,0.3040548269920212,0.8276819337460163,1.0710056458117911,1.155018363274774,1.08041588704419
cg05023192,0.8001463012142439,1.7846148024235542,1.2542511373220386,1.0989904590627535,0.6577696579793916,1.4730765389595737,0.7610608684860265,1.072149377059128,1.1677190293051034,1.4539277389815348,1.7765380081890345,1.5987301227255395,0.9896284026127208,0.657457301379831,0.9543371113321775,1.1885107770289085,1.195058275527781,0.31939396153883975,1.4630203601036598,1.8639829778231243,0.3795959751387004,1.5201354345289944,0.8214895196576907,1.518869839853235,1.1883840966134604,1.0332881840617212,0.4382304805070761,0.7146603962719187,1.5867412582974194,1.8950367049974033
cg05321907,1.4957635440300887,1.303161218877315,1.304869477797269,1.521318927585373,1.2252308462108488,1.4968584226326238,1.502990231828278,1.014245301217618,1.2476440108594127,0.6515799122734225,0.9840957229482807,0.850522537994364,1.7366347957520798,1.2773329612289086,0.45613086526613633,0.8924575779786393,1.2979712537797572,1.7751769330106453,1.3506122367203584,0.6118269870944175,0.8019194209592274,0.8286877969939989,0.8194352225167263,1.8341287745322048,0.44854497384744973,1.6814182207683834,1.313037119403742,0.7645667742501181,0.7154328843324675,0.5590645664408354
cg05392160,1.5422354312526594,1.3083766195253634,1.0031544099836585,0.5201184813466809,1.6274566971216833,0.9131035903578814,1.6457340134530665,1.0376959322480084,0.8755507339177182,0.5076809531679527,1.3635098855699221,1.4668129672631578,0.7167771969271157,0.9646952938156298,1.061229956017147,1.3233284561356573,1.09957305415956,0.6870534536948973,1.533740768277362,1.0994875570827647,1.1916670811018613,1.0628810022492854,1.6469105001327002,1.147673777075319,1.1151940696672134,1.0303872214597716,0.985006857088627,0.9353719070945187,1.2276765431182208,1.610747810927631
cg05475474,1.2477262308465096,0.7316376516902369,0.9600818966717329,0.8269976671391651,1.10144857816941,1.1990912311603243,1.3427932155103173,1.3033299864890182,0.7985604145282933,0.9825342122849312,1.0669765807374503,1.9148019756306864,1.019605540036591,1.731233025183521,0.7288401145533414,0.6097760753866075,1.2029212653303496,1.9229430436618633,1.3635067814875856,1.2917478931452453,0.8951877674941331,1.7681720774442757,1.0107393801726159,1.6707281657803092,1.1363666346750736,1.9217322078381858,1.040503419842758,1.157451214613428,1.2011188701439297,1.7922240902846274
cg05519582,1.2151312088383572,0.9809008024078485,0.5858267237075822,1.3431718176620695,1.6744795050300743,1.6147913222648809,0.8453814979723971,0.20532739193586688,1.7749269026745644,1.23391407357973,1.5093716853944037,1.1269877379376947,1.339420857754649,1.4477800211817582,1.478716749241465,1.530920989973832,1.5482907687041911,1.4099566401581234,0.5890354187994853,1.3497159433828765,1.469244427900212,1.7477941431183872,0.8283156809182817,1.329561437336452,1.1556441562762338,1.0593952013398584,0.9716352026424542,1.2996818372286625,1.3009497560301357,1.188936111451004
cg05741563,0.6541664410189872,1.509577141485427,0.6214138479804879,0.6789144455526175,1.6588032227918301,1.881953107371331,1.0850986611880822,1.2564112020164737,1.5152876305640248,1.3713314960046699,1.6169394399230346,1.2663631403683957,0.976587025621747,1.442734925454829,1.6235332359737709,0.993574763207256,1.2013111808150847,1.124491505502882,1.5125029118194573,1.251293417486337,0.9893742028279661,1.5281095805893887,0.5204999079833503,1.179617083065756,1.4462065057672135,1.830364237506503,0.9662155409754787,1.7739566480017754,1.0955435727462846,1.5099359353673099
cg05971102,0.31238374411420466,1.595035366383196,1.1376781978114383,1.545710361734665,1.4226816965113138,1.597898621405522,0.735230970021995,1.210221154945093,1.5613971440997507,1.2163093286681028,0.46151961612641573,0.9426232146943809,1.038166612118413,1.4370415256706894,1.3622603362765533,0.2120079411713758,0.7228492279976519,1.491074634765404,1.1714282066224921,0.4304233494166607,1.1536426546577352,1.1707716502743404,1.0591514640502135,1.1124144539736283,0.7988573565227874,0.8282724503477867,1.4396436767802485,0.8342451207102961,1.3328196644857953,1.7722318017908802
cg06083932,0.9834052544217152,0.8048192001983334,0.1382471228423074,0.7257442796252486,1.781534669267952,1.0309422412599354,1.103586965412481,1.026810552513633,1.749445936776957,0.7359763885893525,1.0399625486048791,0.8257541198565062,1.4322612410043831,1.3846970250604493,1.765757707098503,1.0261250627323337,1.4265122785162658,1.0115922402418611,0.09142303258074826,1.1478588510249996,1.2788347166110532,1.3912852832071345,0.6960765693466682,1.0993447453469731,1.102585017094333,1.1929275458819886,1.0153863258317257,0.7629445202204777,1.0214999041206665,1.439547802764007
cg06293782,1.2935582665502712,1.429059034019145,0.909931087048101,1.065362481369604,1.3344038429257934,0.9989899118165297,1.9264131209490425,0.7110151501232675,1.6891448626633716,1.880681767933491,0.5123896416564859,1.6193858948344428,0.7339845262955835,1.196420780842414,1.1417646185012147,1.1157096549371714,0.8439822926261852,0.9412315338829171,1.1255121377117785,1.3456825011021105,0.8951091475078337,0.9518244299663978,1.1697695672007722,0.7928889414640319,1.256400513073934,1.3324964375864339,1.344525632850592,1.2045946355132,1.021519098624639,0.9792047437383422
cg06339338,1.2403489962489203,1.3041280453261441,1.1783758033204472,0.7812120295413558,0.7190494356212426,1.4784193762866717,0.588257724223701,0.3820198757453981,1.1356474454920011,1.3038956686501761,1.463319292612115,1.118207513126591,0.6998312142007297,1.1676174016833882,0.2941092234277322,0.487885290371899,0.3793502207525008,0.6572462157611474,0.4115906622943051,0.3070171960174429,0.6170190209696064,1.3458150401563196,0.15181233894003562,1.014510642686194,0.7711268624644426,0.7135103490261206,1.3775294667315494,1.5147967056259128,1.011656911219036,0.8251305956011843
cg06430688,1.0393522504043973,1.5037393075664265,1.0682144024033133,1.1224432511062166,1.131202889903408,1.4381556984713546,1.187307065789101,1.3840646279439217,0.4301529117708627,1.0726860139763859,1.1711750431630636,0.7646038347930744,0.7843408671057093,1.328011098257596,0.8938035683636522,1.0114907379963913,1.2075680348899651,0.8851273959773358,0.8782025013516531,1.5543420422575123,1.3569051478878433,0.9784053829862038,1.5845638374144675,1.102768863916666,1.776386996466751,0.7833520437198842,0.5953656805167195,1.1157120761943502,1.7008642552572728,0.9252820830481293
cg06590444,1.8403112950944172,0.9982498442708239,1.8747376971267404,1.0215294038739369,1.0614325687393944,1.85562079698719,1.8539634441855122,1.5422818198850812,0.2696872263097501,0.10090218813416449,0.5365465548925693,1.5104598512563026,1.0213771817105368,0.9019293889819161,1.3128669398115966,1.2328425143707036,0.9389712419884384,1.6043365849348021,1.105151472152579,0.969470700786064,1.2830352691520404,0.720127854733998,1.905857552204412,0.9935086397367365,0.9199859818354165,0.9247177395169973,0.8134735288852486,1.0574676118986865,1.2658416837783104,1.3293662450759793
cg06631775,1.6231658336703696,1.3517347337460954,1.3098585321171603,0.93319452683521,0.3256420605110407,1.5969749462207798,0.7661749893724255,1.510714857020926,0.9278441515056373,1.606066840661721,0.7920710615181401,0.6864098309408346,1.5794435365536184,0.9762681714796413,0.9432082836324405,1.4021599487376657,0.540064500080297,0.4801163299772104,1.5547237467740176,0.9688489675814786,1.544177374162643,1.4632121753940224,1.2488770441781547,1.1898201527835617,1.1254586159490287,1.504624990514401,1.0152815846710839,0.7674825960904086,1.0074469589404433,0.3385410467233321
cg06737250,0.5738760742288816,0.8849613009548438,1.3073191104146658,1.283216099860734,0.6131939513398464,0.6756524933660014,0.7120874245050093,1.36800077269608,0.8391631989300836,0.8536170254741229,1.3714565769500124,1.033982893000604,1.331825797843234,1.7411458775359625,0.6216649020463666,1.376371602421775,1.0879648415318064,1.8432175548424294,1.1776291913087016,1.062125990325213,0.4790262117416082,0.8409010254188438,0.9581057396775997,0.4935854337204697,1.7721841322370941,0.4720985109949725,0.5343721078548275,0.7089814386050222,1.4535460918354983,0.6848069312718505
cg07195891,1.120420531072365,1.140842869249895,1.7886812878813187,1.468363879360011,1.5645219697108916,1.1919440042376914,1.6794539491647587,0.6588510013373033,0.9207142738756311,0.6907046953049535,1.3414708527804562,0.984185053881716,1.8425219864672977,0.9914084485888559,0.15255186410807117,1.2130724688387127,1.118246300471829,0.722549950184106,0.9907062015300115,0.6633571559328624,0.9784562143597003,1.363193960332631,1.5173647924115408,1.4263902058064004,0.892676041444953,0.5790941686157237,0.7044499841904649,0.3108989859339852,1.7201492005226207,1.6016523919657528
cg07203999,0.6718732396797561,0.6971870709168579,1.3290281448211665,0.6139435160874226,1.1649224479155234,1.0736057907613872,0.4407841713688686,0.3621808957535243,0.31468124745951265,0.5609454938657266,1.3700410116814195,0.5899335499858618,1.0809472789148624,1.7833377872148872,0.727779980559063,1.5806672468993956,0.9710735881570705,0.5083370360028449,1.0253079815729564,1.322332520711334,1.1248037232826624,1.2679831646859112,0.40986012953864265,1.6994549486742827,1.166166086267491,1.0433251230666403,1.4395794357723355,0.4601895299652923,1.0933503582057873,0.9534759535741477
cg07374109,1.096415040895413,0.8363863572863052,0.9533488440427615,1.2701410065154914,0.6213503443413252,1.1326972475101307,1.1598831464601793,0.8678449892621478,0.8228745163637595,1.3665574608765443,1.0176509190552678,0.3985422077256518,1.091057911367993,0.2802530503117299,0.6884999950159747,0.3642816091684118,1.7597343666983327,1.1812004428653715,0.8356553041225787,0.9102751182821918,1.3429730254176708,1.25353071776464,0.8968564296956827,1.291367454143645,1.1363075425706155,0.9873491272213302,0.9673730496293673,0.8520795195296513,1.098925826214254,1.4498926052437318
cg07456585,1.1529505218427598,0.8150685881764934,1.8070218822746287,1.2534977864456842,1.7736339579696332,0.11124111261615133,1.72852197323124,1.3449237570987491,0.483248186343705,0.8402874339757543,1.671705554672766,1.2074359348061097,1.4181071511953838,0.5783347943304127,1.5177347559559087,0.9734223249001765,1.6163962396500693,1.2422923658185763,1.181634230211006,1.4319704453448776,0.7580074272431123,0.2907063062714554,1.5603342437746759,1.4828864433626534,0.8224368646752449,1.0397356963573934,1.0148829889481956,0.9486342017087557,0.9466497883176057,1.1548516302718486
cg07665217,1.1655846539546135,1.3160866736470682,1.7384602049368088,0.5475325742605783,1.0897094064242492,0.8579532486519755,1.0783910722303214,1.6824518542753577,0.6078700400916628,1.301282842210436,1.4039276029843157,0.7034467509611948,1.7071813933867508,1.396773723268812,1.6150146630679392,0.3880287083748017,1.4198412874238329,0.6800290618606136,1.5553370570690324,1.393211605518042,1.209911728019481,1.650392869042381,0.5733554530343341,1.2663241544502704,0.9698523688077852,1.1214133834543705,0.7856388734437892,1.7366880597727476,1.5612296981862879,1.3763785250325546
cg07712165,1.1744753249589772,1.79161940629518,1.0952047536006853,0.9726446674817145,0.42362542775533313,0.40973611422539624,0.5546794563458988,1.2383685780877636,0.6067019165667116,1.3018591390738858,1.4417357526383723,0.8783334095549877,0.8190426609673138,1.2565083214654997,1.6439819982129462,1.290199117695514,1.2973215940485772,1.6207179865976897,1.251487501761811,1.2282542901525082,0.7885751790238935,1.2111917739130407,1.235413605730233,1.1059735920516038,1.1954727687382982,1.1453923592996564,0.9511586132641408,0.3877913107118407,0.9445783668815158,0.4626867130548021
cg08006646,1.7250932057892086,1.2187094122327193,1.4657719944121177,1.421585609387447,1.1594118090194316,1.8501451355930991,1.45403161464831,1.1386471285675288,1.885452600774117,0.581899173430939,1.1097601152729273,1.3449337822643919,1.357865846009814,1.3107978528598856,1.4615869915041158,1.636171000424131,1.798495304456509,0.8126038732936797,1.2145123355744842,1.3627239524410701,0.9892301610882166,1.7703057122708037,1.2135910888414985,1.38904143439305,1.6401735269857285,0.816817300919654,1.9329711760583148,1.7129693774744346,0.5724322316663518,1.1257100004030431
cg08043513,0.7412459754693379,0.7950543087664926,1.4347502977938245,1.369282182529683,1.098279182256693,0.3590399905985221,1.230578066966145,1.5060040108416466,0.9321624434572252,1.4211364396768884,1.0528054892449097,1.1724236679031448,1.715640191656016,0.5888431051635192,1.082551143089397,1.1877952143427002,1.2134586411604147,1.1503529928510088,1.2943409034912292,0.668087199677669,0.2756521717780406,1.1609784619156698,1.4894286512530504,1.6892848502994497,0.531459282714647,0.9639973611640853,0.5135436561825147,1.0523761400131888,1.003992319668776,1.3291614417029867
cg08138245,0.9673385622679815,1.5252043546075509,0.8867767091043334,0.20197547879739,0.1349411701289601,1.2235370817601763,0.9254552506868269,1.6569117359385566,1.206057773591623,0.6286521510792781,0.9623606484829,1.5746701685870534,1.7070109166874095,1.4593441335049313,0.5729246239535133,1.4778858305663116,1.2062888618711962,0.8248837827826342,1.8213696873113694,1.2966792812159662,1.2909170688060922,1.788512456358232,1.3906571890458905,1.4561533725946956,1.1612193400902104,1.6284361175562867,1.3489255847564254,1.2087774113513596,0.5438866418266768,0.459692161717697
cg08331829,0.09234766518473228,1.2565199003912695,1.3660989115414734,0.5122819903138297,0.20604517385591864,0.5904946782560822,1.2967602726038718,1.2077425228406362,0.7252172713035644,0.15894085530544796,1.2557967810919617,0.9195385582176259,0.565774097799929,1.6531099913364793,1.422568192647939,0.9532961333234731,1.4258065073075017,1.1005942264521213,1.6946110248429895,0.5672610051555936,0.14057611542921022,1.3060845089890387,1.129248757804271,1.47755166512135,1.2637477827117534,0.555539999820993,1.285427339668211,0.7408424562490524,1.369671687925743,0.9174862446034271
cg08421632,1.0807831823055531,1.7776981170701152,1.485877833308979,1.5852528356937365,1.7567709864173273,1.7040315033051383,0.7639486601475046,1.0801145246765824,0.9372231835390563,1.4541204136327224,1.1316407536827024,0.6802381754093738,1.2019142200584068,1.3297797794010018,1.4827305218459434,1.8385341273351585,0.8989773170181908,1.0676836967895356,0.4949567668904353,1.0915556641376516,1.417668229559414,1.8774194822432464,0.7257832471448943,1.8947071092408718,1.2603252125925146,1.651088553483107,0.9664907489651611,0.7662413127787637,1.0721154750208457,1.7985237556604414
cg08461876,1.6529667068805214,1.4230901807206648,1.5826496143806539,0.8986771602020278,1.3274747176972819,0.9971503405455382,1.8338127093562542,1.2700160781474357,1.568577093315465,1.1909944843645803,1.6815514193023522,1.075747864818897,1.2864069904059598,0.6512723578131183,0.8326972061221698,1.3343176577102627,1.2024622856980658,1.228593060370625,1.5773711555680516,1.7085441552249303,1.0435336884717294,1.2946096199368915,1.3414494020261531,1.6006794326894949,1.5071697676969393,1.2381737278324458,0.5908085655301166,0.8416831734552592,1.0107672599913125,0.8016771965828893
cg08477332,0.2541911923600048,1.1434333097760623,0.8085404416433029,1.1178634028349013,0.4673741543619019,0.5415415295764957,0.7069862909442981,1.214485967501283,0.5284154525698034,1.5566335991351772,0.7017137551492993,0.9183334279523542,0.731065315278451,1.277436482785406,1.404700328793826,1.1000693679209634,0.8461225316054923,0.900484905674277,0.8357128178508403,1.1064205063642532,1.47514308645188,0.9269453766409463,1.7666612679775588,1.2646934930935605,0.8220271503307863,1.0591811061319474,0.6985633973857595,0.798366800408922,0.47152931296310546,0.924866643961465
cg08570077,1.5357045140965444,0.689016465051395,0.5720135190993322,1.801865305480721,1.8409267362027064,1.0498534904056673,0.9320630918902114,1.3848875110204768,0.5747149750788549,1.6060034382442414,1.3284792068943794,1.4773799782043746,0.8944847239157806,0.9902979507598355,1.7732459686828217,1.93230472961957,0.9117784997087669,0.8699296654625324,1.5465124317655465,1.1177239480210477,1.0184730838569642,1.5780122376469747,1.3654572063856798,0.2968359417036288,0.7107991860898116,0.38460360688423817,1.2220428455991246,1.8867426370520795,1.9032716611612672,1.1496377161896678
cg08775595,1.2580364717741588,0.9217986852727527,1.3936309708438617,1.288181810433418,1.4075848502081265,1.4835949006051057,1.7303875208589248,0.8775615911903918,1.1254994172695993,0.5578082640966421,1.1771678824981355,0.9291568218141616,1.6399364767188378,0.915557546428815,0.4516798264117473,1.2700242314463916,1.61147395378728,1.0502883285594349,1.1836810828093955,1.5308287981966302,0.8421279767293304,0.9626963012604202,1.4314338423028734,1.5151190328461468,0.9354700513784875,0.5488046416783979,0.3676055043269603,0.7837515331764233,1.3035351477430854,0.6364987809861797
cg08944170,0.8681826045343922,1.2230312478789604,1.2189305750320656,0.18740120698372562,0.5656767336864761,0.49703308713743416,0.3688292610917114,1.2049978066403153,1.2514056804947054,1.0557208402155598,1.3135298354088891,1.1482509549160138,1.494054913306834,0.4982296071738034,0.7303067073239906,0.4640927057540064,1.0066421701014199,0.7182444055843646,1.4247907714971277,1.2589416616045848,0.7702419764042092,1.5097218767436622,0.7889289498423653,0.8764087846242986,0.8914012023593842,1.429326731365382,0.8662521006288412,0.5821131611514666,1.1992731207493632,1.044146364353789
cg09539170,0.7649079357013866,1.0371023347375643,1.8589039180591302,1.1658449114650695,1.0074408949386033,0.5919358443671252,1.3445985224000712,1.1041813939055052,0.6157267587983739,0.6020441042543256,0.8658472908998049,1.88449341255452,1.495586604716443,1.8775563897456111,1.4143822262772394,0.947972579878827,1.0291455953826736,1.228472855699151,0.9758076004205803,1.7746825033179436,1.4322224834435169,1.850186398894475,1.9436207470474431,1.678231588174375,1.163648452408803,1.7779818090518673,0.8774533352449091,1.3156380468857543,1.2136423609195341,1.1608056958268342
cg09672255,0.5535053649923769,1.8993378360282382,1.655005351638937,0.3970464555241404,1.4134377280635477,0.28759725114693613,0.8234270229884013,0.9202936036915561,1.6691406915053815,1.0174801013173422,1.416682027889571,0.40741534773373356,1.285366489698501,1.3823738492922057,1.258285432257749,0.4634120059716255,1.4289759693416015,1.277955207402484,1.5861552327933515,1.411800511354342,1.0745543896349665,0.6712975041911163,1.293878809046538,1.0154905293482266,0.8115628572717128,1.1539051742148039,1.3255029234272613,0.6224055742207144,0.8759388940003678,0.7286845140683408
cg09733528,1.237098212040494,1.1558207015914688,1.0863846592887292,1.5657622981017743,1.0544535137213171,1.009175616277021,0.79629239662462,1.4725294640217017,1.1387306989138346,1.2311484161390385,0.3685209422449884,1.1307843232784935,1.4883821039082485,1.2005492650960161,0.8289638555653325,1.3042457995932506,0.4994102391842776,0.5665288069690906,1.4980491904911364,1.1228329304988236,1.1435367561052945,0.8254667228672553,1.0178275968857258,0.8725127575658551,1.4287913404788037,1.5719691021456534,1.2623026921260792,1.6424277295054859,1.3598409341155886,1.689022804296732
cg09957458,1.8829245505082204,1.044637555687553,1.128905767149989,1.334816372372288,1.200703590279248,1.8482098192865308,1.8596171650255815,1.367811874244496,0.9732846086036542,1.1978113864763007,1.6848630084826715,1.1509237322422363,1.5139417781266533,1.203889774676873,1.5682755332975895,0.8933240335577612,1.1100625843684429,1.8087790053292077,1.0485695503957528,0.9943444564880559,1.1050930275146134,1.9239287879085158,1.7625757065512944,1.2970858023071234,1.2992441393953678,1.1941093267741347,1.7551673997608832,0.7219750967596961,0.8350411437317871,1.5845640723494014
cg10662395,1.3055410726619567,1.7137299219793234,1.2705115316723172,0.7677347893266215,0.9724275074865528,1.076036789588691,0.48650889882930887,0.6959595177652422,1.242266303435339,1.1786102083044632,1.426678639264218,1.380733049603191,1.054902853341447,1.2477821188452376,1.513911308544467,1.1397643370576418,1.053184566370932,1.1771190847431514,0.9225670022805254,1.27566693436269,1.2325635039039764,0.9739101748598185,1.0188003374413956,0.7505296482729513,0.7041857241073983,0.6861532124993776,0.8643902477435803,1.4362990738689039,0.8168336193644549,0.5165618825157499
cg10701801,0.18548541463710888,1.469568202963563,1.2748572432802958,1.0096413627401097,0.9646021015431361,0.3012273042721656,0.13707625770083293,0.8272092395294621,0.552222829100718,0.5077083624159825,0.42729139340006234,0.3668054566907773,0.9775265625589589,0.1589364361365595,0.3515288594851071,0.27073653376611745,0.8957774291850755,0.4998174919905305,0.16983133265211192,0.7119016865533163,0.722749519937196,0.4881581722748115,0.7169919974966777,0.8012363708953759,0.8265435325580025,0.3818542933599526,0.8423151143897389,1.5502103105628053,0.35048217123494096,0.48036596121096153
cg11144103,0.8459320469197807,0.5810599470588921,0.38070479253927203,0.20736640081551186,1.716091033829246,1.0049003586378134,1.4852177297956353,0.8544256688484368,1.2845134424613471,0.8668607201480005,0.22660386113361689,0.1084602566864193,0.6657944331656047,1.241791701785369,1.0605133943362857,0.8167968482748513,0.9839463423325499,1.002110094875841,0.7616210247052047,0.9141727617288029,0.2940515543107275,0.5543181107691966,0.6439451661157841,0.5414574929761299,1.0150614851529807,1.8569445023831603,1.047926793961257,0.41545103114839377,1.0178369704422445,1.2712903317849253
cg11227702,1.185383849180431,1.1871448962256879,1.166304570794029,1.7166641215029754,0.12836323059942395,0.9967500230866411,1.8710626251689868,1.1599872528566808,0.8658910747032229,0.5974115067824847,0.6564917239634976,1.298902006495606,0.9859264286824714,1.1435113295530535,1.038285369664879,1.5193212248889822,1.2624555293001547,1.4464770162882028,1.6416800090186325,1.2513998445149614,1.0249088279073195,0.5677533064260584,0.6707937373259428,1.2511141764440135,0.5618595176555355,1.8846573025204476,0.5646979231774277,0.3917924605228491,0.4647453296454672,1.589517963324576
cg11705504,1.7243910527390582,0.44780385846006093,1.4252882866224743,1.533804130081383,0.9067044553997028,0.9116952019074318,1.249834848223688,0.8217584323416706,1.8768966195429218,1.2768216663289822,1.0500139426036534,1.3933466164189872,1.1630581918666072,1.4338638861865107,0.7717011058728342,1.1186798577473953,1.3968165918147601,0.673302955295195,1.546495964699973,1.27172053086893,0.9325301846622278,0.8956650162098712,1.8580137859141148,0.9839409567589007,1.154648159191598,0.6409582154978579,0.15300870271241715,1.4746887164767104,0.8708701744422437,0.7777692482953709
cg12340462,0.8084638904302832,1.6446225289279206,1.7549218139324196,1.1049847516240716,0.7130968354333517,1.3972733935219557,1.464066275714863,1.433295769288303,1.0200721007606492,1.5457284652237557,0.8614656809478585,0.48207161450989616,1.6786739493301939,1.2578046950699444,1.0605019111404583,1.7608357340911174,1.6791097508557105,1.5713228181761343,1.0507939932728418,0.8273639409028107,1.7380957462962061,1.555559468760316,1.1818614881634013,0.8882104869846289,1.620091378744211,1.150756677274437,0.8502141692856716,1.8372495517547351,0.8065540569314962,0.7001888467719777
cg12381531,1.2800833115593824,1.0822145027990082,1.840550223747794,1.9180649755930665,0.7470802771318308,0.5335793044828689,0.8928024623086277,1.2912492731041703,1.361290493872703,1.348739845839995,1.0926790726682907,0.6402540029424763,1.011706798524874,0.4055104314319412,1.0161062673745274,1.606008313372201,1.198450447066333,1.354586119724135,1.840206975300463,1.6089130693232843,1.7159230159661272,0.8341243351014753,1.9371326514181573,1.2096788422497546,1.3164943825636004,1.8177426042242057,0.5692916957691118,0.6599947538141524,1.0516124778500189,1.322243266283306
cg12386614,0.8053212645896828,1.4584742637627655,1.1579537526402732,1.6531168049556353,0.5960713178906382,0.7476288491615919,0.6456914418113943,1.776660725702878,0.21575408659045422,0.5187859878932256,1.6452723197727863,1.508939254278709,1.2775286680723177,1.4366533099057095,1.5255407718277882,0.9621946576612505,1.8745304894148747,0.19613524664595666,1.0594098895352255,1.8011404097867882,1.3691271537831837,1.2122127580834556,1.4428296493002875,1.1852870968165803,0.6970602484489634,1.1685149579373282,1.29962947880854,0.5675928077810912,0.4871235618855747,1.367942449338969
cg12515659,1.5660370348219828,0.794255156739966,1.113712001910434,0.6453088446516302,1.2382668804895718,1.6338814199960625,1.4341579258085848,0.7013279888363964,1.1181522854994217,0.8339991799597438,0.8526304774881421,0.7204907275965926,1.1440137626420837,1.2017771320195536,1.0605893085545746,0.8486038001654762,1.102384838515093,0.7948964887554311,0.7305724905540222,0.9338289712786093,1.013405783400537,0.7485098675810777,0.11480599555496965,0.37594221170850217,1.0224312751149942,0.8230187111192316,0.9474873443442933,1.1325317789129439,0.538878983291838,0.7752503254244298
cg12908908,0.9965976934399842,1.516469033933343,1.4192730157089315,1.2513169835268223,0.8537632172449983,1.0770183496860202,0.36391219285297716,0.8530022513108806,0.710736657002594,1.451044121187807,0.728369464760502,0.8317695926149212,0.24376212135094083,1.1691187118982533,0.527346139475732,1.1246821887244445,0.7740425453026072,1.3243528329751455,1.671191152868869,1.2127353332643422,0.5276774761185586,0.8758272489340003,0.9650077446865335,1.6366919227819992,0.7564265203916053,1.3117276310707824,0.19050119166653423,1.053329378222741,0.5980048794235364,0.4079883661304018
cg12957945,0.4210397797930786,1.3944179421421716,1.784487869198329,0.11382420012152444,1.1738286421994935,1.285816367476989,1.455380635918155,1.0982284589856923,1.2070265542360286,1.2838972269197129,1.3643706626670378,0.6255716842761969,1.3784501254202994,0.5947683125673447,1.170057652072083,0.9804914080372975,1.331611480139268,1.1650495947586406,1.3965176406785909,1.300685889417064,0.0440625161829703,1.6707671441752194,0.6563155294138763,1.4177797857509167,1.0747535714252787,1.3104675755022388,1.3716550672114938,0.2697177961669859,0.9168182124986095,0.6655545971793415
cg13038195,1.1162179056731032,1.2031212136772513,0.9037155575153853,0.5778080700739319,1.264758840522265,1.4545771156464058,1.5919081510898472,0.8164857136383228,1.3785392100183944,1.7405998820247466,0.7847479414732268,1.275745995363845,1.2719148186303824,0.6518216761562826,1.0381271756373485,0.52268372490742,0.2186933055514825,0.24089345269066834,0.7434716423299212,1.1805307629477768,1.3578108326968672,1.4987108002822727,1.2526909419382406,0.8391159096416765,1.4293338057109066,0.8020598065645833,1.55617012472963,1.4869149807969952,1.882909598577284,0.5800025230998777
cg13431688,1.5208833861343196,1.4360120025507597,1.7733980567573262,0.27306489526787375,1.5420077983904312,1.300715111078787,1.7939818901809916,1.4355189158433603,0.8235413780799283,0.3300246966267605,1.6581230707645642,0.5837087396505521,1.38021639333258,0.9576483560651926,1.3150039061839034,1.0408669149948415,1.2989697628248267,0.7175081659904916,0.757139629152125,1.1591457644397356,1.1580835826988083,1.8068396413194172,1.3172744072725138,1.793330608812794,0.9743276859515602,1.6045549173690938,1.859302064330914,1.4896324922084339,1.2262245715447992,1.324425393550936
cg13739190,1.6778180951031738,0.20690509510216754,1.4793875182903362,0.760285418274092,0.6943255081082877,1.5442062194961883,0.9204385024887713,1.6644667822068606,1.3827513073075708,0.6600171969575367,0.925158368149744,1.4988408814742826,1.7310485852355224,0.9045796498667688,0.9334927377012107,0.9456919185339512,1.0050765766840652,0.39553081399299483,0.7314942998499337,1.002641635430759,0.3001970590994271,1.4945935420885088,1.8578942744137161,1.5563981278672516,1.1378585087400601,0.7130176934796342,1.592167456894754,1.029477563004276,0.6962193664374513,1.2851515001776894
cg13883027,0.6659326362587261,1.5131586501491885,1.154329068074375,1.0970709930811147,1.370864106167923,0.6596422899513796,0.8387202375514784,0.7554653404471409,1.0571746104683437,1.2131911094817394,1.2345290924087955,1.1108119640212433,0.9874632175084969,1.0422544119420136,1.0692320971521623,1.5425284100077472,0.7521236040843938,0.8569027187697085,0.7134042262833984,1.1521021397038818,1.4249209541197114,0.7997404016290024,0.7406237846378764,0.8294474291602246,0.3883731406516757,1.2434663429692974,1.2019874157208226,1.2044902827103183,1.6377145684884196,0.6770501058833204
cg14001750,0.38907622547266096,0.8731448825921198,1.2691698866175245,1.54233690784113,1.3362961431163907,0.962474816480998,0.6963623905767715,0.7713427202996465,0.2788915549473388,1.7461342509409783,0.34160625805771494,0.6547995672450493,0.875131797228223,0.95182998854445,1.326730549945331,1.1306085483351844,1.167125388457444,0.30709811430678513,1.234348161155839,0.8742068792697115,1.0382935553133286,1.008092664707899,1.8313325523550747,1.4457142453955285,1.036973091021054,0.32765650779976185,1.4522000137837958,1.099963597923081,0.4305706712768467,0.23945818774778188
cg14564293,0.9025091982506834,0.9534205816734379,1.2393344091615264,1.3786602601948874,1.0051029698821607,0.057072552878904545,1.518102946343781,1.0761085015947898,0.8849458050558903,0.2730811089776989,1.0959936662879393,1.1461865833527605,1.286093509657386,0.41553944074446797,0.6991458153962133,0.5390528920574545,0.8286335632741024,1.1012469755148815,1.1297490710632017,0.9421938353706526,0.8419821200865787,1.652187177611601,1.3022970031139083,0.7948226087103075,1.3010924116574718,1.2511361089696602,0.7304542342738163,0.9418364284906762,0.9700538282541372,0.5176312075183228
cg14599155,1.6853011072499577,1.0052981110822874,1.4234698499089062,0.7555470207427253,1.084793135136952,0.7076429582685089,0.867852349171933,1.1984666693357453,1.87458452328876,1.8016165441737604,0.6047520323045121,1.1900727735765104,1.0605488629042956,1.4861606259685258,1.8253156392912582,1.3198419086724453,0.6654168346121484,1.591416983799156,1.0582719069701805,1.7818002221961666,0.3314058237104032,1.8104606167922874,0.8585205120837983,0.9687011764344248,0.6664054625668668,1.4056317180062887,1.1476120574890978,1.221742992100234,0.9494772158960051,1.185516009933112
cg15535896,1.0769040773838217,1.6674407629670709,1.1656321001138013,1.2054351365903546,1.5185636117815613,1.2647239284812433,1.5414367214473608,1.1388596944941065,1.3150182121078666,1.0322601697970666,1.5800394008709073,1.3688891418922504,1.3619778833105332,1.0805138688489055,0.6685027852565681,1.2615169525120162,1.765700322378792,1.1994414250825014,1.1518626913298429,1.3326909241578386,1.4775398214363453,0.9143613392319679,1.1270130223921275,1.8570440216325397,1.4885891043620898,0.8293433266648962,1.3202796056607267,0.9026272317897852,1.353627514290843,0.6218533593607046
cg15546285,0.8575032526161285,1.5248791131883679,0.3923415378698343,1.1351631399430746,0.8883488455947289,0.7549407341803106,1.5744079677593108,0.9312485689234113,0.8282260907827784,1.2348465569908749,1.685585433890291,1.78219685610474,1.0294950295273582,1.5897519067865111,0.7124194865974971,0.6190050455005103,1.3776964740453588,1.7726385594414005,1.1992470968149438,0.9536559914045748,0.5767232122682103,0.750936612036901,0.9932136343431179,1.207326788709146,0.4314897781888367,0.8741727469661965,1.4126821677916714,0.9982194819450516,0.8985701055862392,0.5746977201593073
cg15909443,1.1117184255297623,1.0519305830848447,1.0679413076199933,0.8715982221889145,1.413580889159885,1.2176174793356536,1.3158531447891928,1.738614531155211,1.6454438146797719,1.379982736107839,1.4676066974939252,1.4719797671086354,1.2420643711294197,1.4995258539010017,0.7327446126292058,1.3526693611972416,1.087409344399459,0.7190355536581573,1.3479181674896141,1.8800661954387032,1.1811290821726415,0.8986886602125429,1.9046330629172479,1.5566417399743468,1.7806545460718217,0.6943988502882983,1.6528574509004719,0.2700967496825322,0.9972758619783474,1.2668743890102987
cg16020483,1.8071710013079758,1.5875459147500048,1.349846919657402,1.0848569696087926,0.5589884513539016,1.390591081974452,0.7357429884454454,1.2694250576554376,1.4262309034868725,1.3576218735198724,1.162766704861401,1.5863753307186652,0.6520014431258364,1.606883664151491,0.7086704659203218,1.1334228762905318,1.1648319223671928,0.4060279790502561,0.8038703518665151,0.5546362148838924,1.5260076287826319,1.2835866557080657,0.4574040613164342,0.992705053219103,1.3533058666434779,0.48047735148192067,1.1429541780224204,0.561192128905492,1.1847954249090695,1.7618618584899757
cg16098618,1.3224143443321381,1.1882036581527546,0.724748882737578,0.7309099628492626,1.7020307496774647,1.1290201676381015,0.8487051986633887,0.865500966348268,1.6971863963311828,0.960559502192906,1.2076744718560448,1.1367191571163668,1.085818952687925,1.92862876566064,1.319439466618424,1.6660747454806029,0.6434553150023985,1.0916981891912858,0.8413129031386631,1.1578173722976164,0.20388025018717154,1.4117747000913718,0.6552625898461172,0.6493831518993025,0.7797538688592165,0.7319664606806646,1.264386477712861,1.7305852486307884,1.1423642885589504,1.1505939611434095
cg16377948,1.8432662712119523,1.3525567436150745,1.1849661598367858,1.570785997435786,1.7850729954071318,1.7814175211934395,1.1771443698448203,1.0361015112231904,1.4612749877431657,0.527210177390991,1.041683212610721,0.9371233862910225,1.928534953954463,1.7716353968423009,1.5040145989402123,1.2984584686437364,1.6679276522232775,1.3992642702837177,1.5903555473660353,1.3532042810307425,0.7084729123756035,1.036704930255932,1.1335411279625955,1.8232813504027519,1.3150040365960185,1.274651081937791,0.9086045034059709,1.3439969144301251,0.6605427579705184,1.0910504082291952
cg16402757,1.837912572103443,1.2109763110477045,0.5739062893738069,1.0539234830684694,1.57946006374297,1.558997860870213,0.9662361692618979,0.582100174192815,1.5891023788731693,1.701527821773518,1.0972179815682297,1.134588172829878,1.1264669472888642,1.8706965403871876,1.7916998774976616,0.9588347483751323,1.0020557660975875,0.9046865574508142,1.391462147921229,1.2713377457353898,1.3618504953085002,1.0490580617934566,1.1621645353066488,1.5777153097490664,1.6883715715608683,1.5367379827923422,1.4863960925520296,0.8732515865155832,0.635532427383338,1.3631166004687243
cg16674380,1.8431471641022297,1.6685989436461615,1.3948569180296875,1.0682846928358842,0.6817994405919929,0.832589043841728,0.842111702058463,1.4161579507186102,1.8185527684803744,1.8388199738286728,0.5702304556343527,1.799332139013528,1.2576803817609867,1.2545533657382135,1.659782181361149,0.514505522320647,1.6687914042001823,1.462061690614855,1.8299731994184183,1.1942750020719426,0.845386871100303,1.679799841674443,1.5978861365208548,1.3519273647419867,1.5475241784572633,1.351664574882061,0.594156513676188,1.2555882718760767,0.5994595330760881,0.8978146051056278
cg16787259,1.1968538457872482,1.233190649260611,1.5141430274502663,0.5331373584590129,0.6285941361285645,0.3325484544028097,0.8425086238257908,0.6557883075719932,0.3333331179682972,0.5411031197050259,1.2938895723346344,0.8309581209958046,0.9304322106618228,0.8745541502688358,0.7077950916449992,1.2267494234709795,0.9359504691366441,1.1086711813203078,1.2865331780984486,1.045299685444974,1.2170601668423917,0.5183010584828746,1.0753425646001185,1.2298908728484383,0.7502809149060506,1.5750449978651266,0.6872933385453821,0.7736275263271981,1.1244674471566725,1.1272140669296702
cg16788319,1.9265421766290944,1.7420867122494021,1.0641812344044475,0.47896037823136406,1.1040306035533174,1.6264196249363707,1.567690117817151,1.5920963867191127,1.4698273354871887,1.4358009629748976,1.5791770304367387,1.2218201774731599,1.0956749844822378,1.1527386162021331,0.9272525990815661,0.6995644071093798,1.3316555980098315,1.8431321305853146,1.7874320006613589,1.0879972075000857,1.6204138154577556,0.5061531716561924,0.9679146351409486,1.8126060386850749,0.549235615145091,1.2775975876074164,1.4972235214779404,1.380364397047265,1.4102010797430005,0.941941240785984
cg16791832,1.151141676623426,1.2890282446222523,1.9036252145404413,0.791156976541904,0.5420945482211031,1.7312857197883762,1.1447925109765036,1.0100551281853787,1.6291609560759528,1.3401077184494101,1.1747809714544104,0.8270879901639889,0.9822963243053866,1.275558137486434,1.2852884173519667,1.0592329631448272,1.658958375068988,1.1432300541601532,1.1321186963170702,1.2424305684596049,0.5003722789604059,1.6095902128389303,0.9440182259470369,1.2279491430429403,1.0151979461781482,1.709562869160786,1.567247170164197,1.5523972892645026,1.6563962648603896,1.2041821606310699
cg16810310,0.9826704879426729,1.5192530651073635,0.6964255783242566,1.3767943634871254,1.27575539516691,0.9689967673241341,1.4026066485714346,1.0518611402614975,0.6385308487438859,1.3107579178415576,1.1146133124034563,1.3622639539122743,0.8719551481557772,1.298602513572142,1.3943971438930092,1.140645703470624,1.267194050890327,0.69777427929761,0.7231917917837964,0.8694526901593312,1.5819079051292733,0.9748474712815896,0.4996561132724464,1.2144867796610967,0.722297809221975,0.28559590363589005,1.5939469068787089,1.3234990159515612,1.0472822426652568,1.671998965397541
cg16932018,1.5897751398612687,0.5676377292649685,1.605457717595345,1.4573955173791162,1.7212146214464883,1.468000913987209,1.370261231285765,1.205107190979818,0.5789513801556614,0.7179911126804863,1.1954762437561584,1.8741563377863912,1.5686189688998708,0.853363282938143,0.4306210718624445,0.9557556059062349,1.0337142145590574,1.30313389332789,1.238499195031811,1.8001094110583558,1.7461655292883997,0.7698309109957332,1.1776385431149,1.5479768270875462,1.319909151873188,1.2563046320034625,1.193880847526433,1.4364498292917487,1.5725613673898984,0.6410326108173726
cg17256465,0.34631740182639287,1.341829446852748,0.9384214862799218,0.8459839407952607,0.7144679722173305,1.008405658565064,1.4330929314400114,0.8063851674518812,0.666517972513265,1.118377991533016,1.5440181279073304,0.6903424141528055,0.6754349165578285,0.9001190759344431,1.4283345704240713,1.8624151038261831,0.5110564745671229,1.4624193105393566,0.6901123968519876,1.000775382053737,1.6761886586267876,0.20452856891483417,0.6475255905680718,1.579282275169878,0.19042507176184642,0.09405043258900944,1.0705719621295597,1.7696827934166968,1.1532576691205798,0.6573003017453763
cg17314580,0.7970513610780815,1.8171425882622168,0.9901150280476577,1.42739936127223,1.3666090733639567,0.17191078830903317,1.5110866687052318,0.9431692497080495,1.8302011941374507,1.2884348524282105,1.7716827833948845,0.8795365866237936,1.3317222511891385,1.2713096476686059,0.9240239654548623,1.6104482445790034,1.2702533334936825,1.1966300799478229,0.9902225433454619,1.3604824898678167,1.3892983597616024,1.1115853325214324,1.3982595847892192,1.2191112353041949,1.0424472013026185,1.1997198857994884,1.3832013784946207,1.540746381129377,0.16554869340515377,0.5629779297034803
cg17330938,1.1345828052131006,1.571126897321286,1.1183614438557383,1.346071039606297,1.7992003160605101,0.43478605386258384,1.8459117277500405,1.6283775270218923,1.3106369235703756,0.953342237083688,0.6583188985681625,1.4391624171654616,1.4329886776900347,1.6057836146326192,1.6785446370104116,0.46377373802993527,0.9854372849065574,0.9586619313258348,1.5692478123779172,1.9270646951672712,1.3886371293520474,1.1592527568317377,1.2404361906285886,1.6817858116584397,1.3155642235222467,1.1674270102425195,0.9675307401244507,1.3153551599735729,0.48493182590181827,1.3484367865711029
cg17388779,0.31029745873395886,0.8168356668126462,0.363582301945278,0.4000408266765036,1.7412679069711867,0.33867809836050433,0.9627097367218604,0.7546149272163477,0.1247874177417221,1.2528011321497603,0.5108329691858827,1.3478482919671242,0.9675396691428095,0.6388054367235008,0.8311901552811054,0.7994435820402973,0.8085196971895159,1.6581856712324639,0.9274300367254849,0.8208815309056342,0.9117515765879552,0.4953500388646199,0.547400330810888,0.5330149303531296,1.2769527740757742,1.879608460071853,1.3193285669365533,1.3292851038063573,1.0083573784879671,0.7312462012801014
cg17970043,0.83188894606359,1.3635628973155225,0.4900001398374477,0.6234232002863909,1.5709699829954435,0.9672746241018304,1.1543925658329297,1.0827453401636622,1.1264694945683345,1.7587614757150107,1.3009407007791634,0.9970265475283865,1.1172197551946683,1.265150551831403,0.6269250794951469,1.6297753534727981,1.0178636194078854,1.54255467075874,0.9338440231878717,0.8662205448903332,0.8014139885783755,0.6809707126664329,0.2972621850332224,0.7969269252582816,0.996450684587911,1.3420564786172973,1.2124077361933647,0.8432905827409567,0.7913810608877876,0.8294477406182033
cg18266588,0.8365378350708683,1.0565245976944055,1.2040738422274226,1.9589529504170242,1.2996944027747634,0.6702060532269033,0.7237554983798574,0.840051083644069,1.0683354685008344,1.8527340359730986,0.653554263970281,1.5032841565608304,1.154360446070799,1.543807319167425,0.9838122207444971,1.0999990438240215,0.22450952451210837,0.9268281876725858,0.36966843868463384,1.779074922599103,1.445434877272111,1.0141911248049769,1.1885056674524468,0.49879773542122424,1.7718311415120338,1.9240548386397878,0.9815757124543192,1.8842476083684692,1.2355261097222408,0.4956471441240128
cg18523915,0.6639547926438331,0.4840633697610903,0.28968118855803365,1.1357424441040598,0.7693966098073759,0.7657126904084308,0.8538863482900794,0.8158650791069817,0.6356163649711795,1.0577837000148398,0.23563865218352548,1.1594359175805073,0.37842212135104336,0.5284701619083577,1.3094282713922605,1.050116831286938,1.0576283740090062,0.4239042402477903,1.2291031128067826,0.2093105087799475,0.9620037940148087,1.0796220420081566,1.0594823579076351,1.0812616057591617,0.5164563053290748,0.6766882308947373,0.9923130157056952,0.8429901056872762,1.0571040272392047,1.1646272396756785
cg18580559,0.9131870751901054,0.969169932880728,1.4601077348531064,0.8183551623540661,1.1673830758063581,0.08692413021853543,1.689395171075137,1.2605862379444652,1.5008485675424736,1.478448452630917,0.7023440883007743,1.2324153144656538,1.732188026845426,1.9032750493442987,0.8488752365425162,0.8747989210752183,0.6474024314735712,0.9206383471076858,1.1073485683337099,1.7122103365794645,0.22390973055552507,1.1557416730335515,1.833502504769523,1.1877732015185982,0.32471727261306227,1.0341871331645225,1.7554041075263354,1.4678890456649492,1.9137473183490237,0.7727817208476893
cg18707028,1.1906139536362443,0.9522179333061133,0.5359157294122572,1.6654697083766083,1.5787872993940448,1.1110946403437056,1.0877641093785722,1.0650343649231004,1.1859580378708736,1.396217512357603,0.9812951634692275,1.6587188822835264,1.406143157676944,1.361438503342112,1.4088528904590532,1.4584631801862729,0.10889736802128767,1.4802876101199152,1.5611258797365055,0.7529011649671629,1.634827006033913,0.6860595928810989,1.2641621303878288,1.904593262836884,1.2244257289653993,1.0803585465302386,1.633537748447594,1.6017094931060614,1.3314979210428157,1.7091375710794017
cg18751375,1.5956945742113935,0.8179140174303697,0.8286523688166618,1.0539674265667145,1.814871583993642,1.350259564458738,1.4830469035473441,0.5126657629709126,1.8139698782406253,0.6051510914192414,0.8504277204995108,0.8758286914624811,0.9120954787245841,1.031973458644888,1.336189622864553,0.6510924261537974,0.936340463275561,1.2819356220541556,1.4750797923042949,0.5876109920284851,1.4139933470086432,0.921700391884091,0.8509246841635341,1.2797702360043068,1.3141948275100264,1.4646806968129729,1.78055927682554,1.24095466672331,1.0573138462366485,1.642357599618816
cg18816122,1.433057958836681,1.2124343489593055,0.6950319905110545,0.9916933717388592,0.08553722995172101,0.643939985403151,1.1820816643072045,1.6033130887512606,0.35973488569398415,0.9192364621209854,1.5937783265138667,1.0847111636342552,0.697692117167085,0.9988984701063379,0.9689411168279721,0.1353402226338973,1.2221052847692708,1.6069933963371863,1.1248479613925713,1.4565890213020454,1.2293796901871539,0.9080221792648429,1.4343926728136074,0.7528162586758794,0.8543059298785474,1.0990925289988642,1.2969462863814858,0.17085823594169497,0.43418423866827643,0.9987111260112485
cg18857647,1.0580396658746212,0.9884347203818458,1.619580928919608,0.6179509162932062,1.1854267300141905,1.7528476654016971,1.1513290284294824,1.220114446730112,1.472306978444312,1.086910798307834,1.7487155323664547,1.3246869314649732,1.5897797894742012,1.71977324761419,1.6851675513346402,0.9902195542677613,1.107159632369103,0.9060117302445517,1.6333769593342256,1.5316830925936695,1.0476033585428146,0.655051974031488,1.7222033654065854,1.7695840631558402,1.5196882321269445,1.2331504559306787,0.8581229157792266,0.7433770889046682,1.6007167853536903,0.9527576285767153
cg19274180,0.6792084615513974,0.6881350059740159,1.0973255018763515,1.5293683895216228,1.5827965082077156,1.6560962187423722,1.1351084922121615,1.229871684902744,0.652053287864294,0.910128833699397,1.4237494934406734,1.0498705289591839,0.5348145555661381,1.069187924445975,0.5796530551692332,0.5754499178841541,0.5671699820480856,1.5213153257077,0.3974550498617788,1.1762317916939309,1.7978545748330967,1.0080358627614596,1.175277140199275,1.0058664004630633,1.4556160766376824,1.0183257768550005,1.4230111083213564,1.816583189304426,1.6089434338565183,0.4347238418316308
cg19405842,1.463802240352329,1.277410764989543,1.3264349253569452,1.3989018946491236,1.0161156603254666,1.1766087644912362,0.2044989271585776,0.6886189837355756,0.0616701001470456,0.28351303742974115,0.7636837407565058,0.6089542173734027,1.0483239774901665,0.07079867882307395,0.46309282219106196,0.572401378841889,1.3792594469829766,0.08256163268696273,0.037151576589735086,1.3759646992377932,0.39665823980835896,0.13595248697526852,1.2106305495955954,1.058343900366598,0.845252894339121,0.8832119213197338,0.6542689515457012,0.2896601739644591,0.6384958061304553,0.6689656424537813
cg19949776,0.8055998249559264,0.6798781103998288,0.680321879050694,0.5879087331886744,1.9601060835239785,1.1947611875825677,1.378727093849774,0.07158793064926039,0.8677873233860224,0.938388200222503,1.8411010003141661,0.5904156834064526,0.2912146128470244,1.1519205309195504,1.6973228958865014,0.8462488903857277,0.5978558369745557,0.31793971738778665,1.0678854313934567,1.0728100777621616,1.736192135127635,1.3587344315925287,1.4822589350426552,0.7486382808650135,0.9139542753751577,1.1914951511465652,0.9221346270477639,0.9642342825443861,0.9917670933970933,1.1849188062232336
cg19978674,1.444557812425543,0.5367929352854777,1.3134783613794438,1.527051336091579,0.7582466382272008,0.2191613025222411,0.31034530397414534,0.7956762359487232,1.3834425004723196,1.2440967545239368,0.5406424257749117,1.2037697082708956,0.6347395071626749,0.6655274081687511,1.0189077210843116,1.0496328803080088,0.5221350970229094,0.7967525060391893,0.6033916847660115,0.5715002811534914,0.6936691636476209,0.8624018544343689,0.6680791976594278,1.3615644252926509,1.4535594378780126,1.2299833122003594,0.6900750080712766,1.0108363910417877,1.498749089910918,1.3685326050569315
cg20315590,0.7557467775970947,1.4108573684080954,1.0740998843218306,0.7852128435340466,0.14601259790325324,0.9743783342267959,1.110868169477334,0.7576169735046716,0.9256506490937738,0.9232295720273606,0.51637668515388,0.7707288677990147,0.9236518445978941,0.7535922403402231,0.13946423673889807,0.14690582280840062,1.4655228347850757,0.6365108848710248,1.2743250734627836,0.8639268978990631,0.518839023635402,0.7560355555632687,0.833826660834303,0.334776240696736,1.2552959978370801,0.6301591160131211,0.5063967565550049,0.6613423142667025,0.633506840939361,1.0051055328468956
cg20336007,1.726178724339615,0.936435708839224,1.5361557561376775,1.5808102478988868,0.8710258644936095,1.2594567776822123,1.1358142981459085,1.770281217626815,1.7161093700235286,1.325320631912515,1.0439899498048246,1.6422855623076806,1.6155749252211593,0.8757851553993679,1.0069824057342398,0.6736234702313748,1.258442940899231,1.5603396203845308,1.6651325289963252,1.0853228178000407,1.3719620669844865,1.705688127456583,1.4476572696352,1.2897800723428308,1.8564699813357484,1.3718882459748556,0.8230869860146356,1.1493380845824293,1.4843686155433933,0.960720624207277
cg20433858,1.4567208799065066,0.46002758052242676,0.6965294081577851,1.1420051597224454,0.5840829195957399,0.6905085837889274,0.3483044346684423,0.8660281031487083,0.6020852399810567,0.31104222389513314,1.349042307672789,0.6127650024120327,0.7937242925168504,1.1761232457072717,0.3499000688003337,0.2622148425830185,0.7026470433543126,0.9698929864922518,0.5024632064117246,0.6680780113542245,0.4296520334736244,0.9331898619786998,1.3814957057228605,0.7184287974898416,0.9054107311494599,1.3041203556243708,0.0956747751132973,0.5523422270742653,0.6821470805681917,0.7287757467666629
cg20507276,0.45893815202469523,1.155773628437642,0.8456892766370008,0.3741660526742719,0.7852757774715967,0.743010371904069,0.2428080568897949,1.0609994988135538,1.1646945460800207,0.30281720043321314,0.5597127241523067,0.7888521513728779,0.8405185123244907,0.98806435749181,0.7158865663107717,0.9453856555562431,0.6473443132253092,0.10244955426019167,0.7729549462701517,1.327021092490425,1.2744056010125,0.6380505987730763,1.4662792954794446,1.1878874264716761,1.0709647289345292,1.4267114065377986,0.844881637275749,0.6532786966629315,1.0239097408901578,0.9222646579351488
cg20592836,1.1291832082383735,0.6080567435308885,0.5697421281737768,0.7111203409446882,0.600664054670063,1.8750075472800243,1.3804571551392315,1.0583535854983328,0.5769342086681617,1.3893056673489483,0.9321874503184968,0.9585774450267925,0.2541624376465955,0.18506600934938894,1.1008087486460327,1.3342304317444653,0.8535106594117078,1.0215250374431248,1.3118734111508419,0.3504675955795877,1.1256364425169756,0.7262299126412024,0.4975886442369627,0.9433071635214608,0.08212028823634013,0.16797698476143696,1.3218263722607462,1.5971690421896052,1.4047178760349759,1.1646034562045249
cg20744163,1.0571576535818126,1.4729918485506235,0.981007575266276,1.1321034647638515,0.8754085017508932,0.9985505873599161,0.35439804988416035,1.3447661261843735,1.0481355432528687,0.5041583580842649,1.3082717021148813,1.0443919579174719,1.4473792292718421,1.1163989357302315,1.011547919678049,1.2552498547922721,1.5022869059558597,1.3771139876719625,1.5975518303577407,1.4679012645008278,0.8060842563990036,1.3290055552165323,0.9340159149063001,0.9657370949116784,1.533690207226257,0.7374777718623731,1.0107202181931003,0.9147983599113918,1.460383066701236,0.7898600374495804
cg20890325,1.6723045134873704,1.1164168748481047,1.9422370528864419,1.940211620000429,0.7406241303057974,0.9401602961182713,1.1780561069377025,1.0487230882824243,0.7997090569085017,0.47613069352691006,1.3278432486884157,1.3880290204852754,1.0724715120511605,1.2756113681643566,0.338218055123372,0.9438245369475848,1.6207812627754303,1.030764824315844,1.6297735101948243,1.6098459673442451,1.798564194799912,1.1552583307106796,1.651543651467073,1.5382025082953503,1.0632386078687466,0.8544717531480901,1.715789691922613,0.6708640773726839,0.543678534249634,1.3523114984047773
cg21015022,0.8739908718083738,0.58734795524593,1.3963739828249615,0.9289291417258752,1.1690895600759434,1.4339997449388453,0.9355084792338476,1.4049623158242985,1.0443748075091004,1.638591927479001,1.1331266925883388,1.1930018718756064,1.2604189227747487,1.7383692220576321,0.27166730007554785,1.4013177531364116,1.0977238060511036,1.8404355420901866,1.660404463480751,1.2815496513773679,0.6982456384015994,1.0510731393339752,0.8813153261359936,1.319359169313334,0.5709205331756138,0.9172363357952891,1.1149393568821402,1.8905847273254834,0.3104461473310369,0.8971360432476034
cg22237644,1.09685133466938,0.4026166661995032,1.1404968178856596,1.067128713095805,1.5857683972451873,1.0284455771812488,0.8848272342838962,1.4582949305053898,1.700585988441421,1.4190134773390946,1.3680319826661511,1.0966961469341554,1.8334567950403318,1.3214515508004534,1.2162302153568716,1.8300069388205447,0.8729702838373669,1.1363178127564335,1.456003756195103,1.1822489282059832,1.103543484247243,1.415011360219757,0.36568775615433835,0.674544493153312,0.8124618066070068,1.7134535588925084,1.5400362470472588,1.6670966215060492,1.2824521730470884,0.9011917892703896
cg22953237,0.9524473452766583,0.5570271842552763,1.3366433769224586,1.5471732744757336,1.465252945053195,0.4075011361068746,1.629624277920155,0.6820427216593594,0.6129885450054321,1.305366796982841,1.4197503152508533,1.3856923623930777,0.8130221446972129,1.8449170706118778,1.5136892292965651,0.7297379344150435,1.3726063460364584,1.1260122953443394,1.4475646464822818,0.7075728174533535,1.4472992565456446,1.2332753804389083,0.7862210141261492,1.1272357336377476,1.4963510412281458,1.3631246206623584,1.7857837966867567,0.9477825124158488,1.8690143889367863,1.7587200109066374
cg23421392,1.369817571507797,1.861739219955719,1.2438420443123785,1.12476780167082,0.9839511050172378,1.7981387717871806,1.2235161027560548,0.4804777184628009,1.216832711290091,1.9256091402464262,1.1303735624297415,1.4863754395398263,1.1721360303618185,1.8183415069243893,0.8441221399929242,1.2687983609389346,0.5923561787215851,1.8872925271175036,1.2567098791116598,0.8735757280904151,1.189852214387726,1.1824084849350893,0.7101575116273937,1.30231653488465,1.3334574978586389,1.0197956667610308,1.343459074805443,1.7598422001916252,1.7443721938788515,1.5613861951548924
cg23564471,0.7694235462743968,1.016295023619625,1.7983295498535923,1.4535802572530088,1.2225190858753856,1.0892829894521576,1.3865529584672656,1.03017797580148,1.4441409502745657,0.6110476120717603,1.2062183057599047,0.7500476476448539,1.1302348724154403,1.090421144470373,1.2143388518116616,1.1125651642517194,1.0337724145976106,1.3195323404075852,1.4115308008254726,1.315134045096854,1.2738161574888798,1.7263282717049218,1.8939246851620548,1.5155030540049317,0.7739297525400541,0.9875891346961476,1.494489615884534,1.152265318522116,0.9487184376453617,0.5106410243194234
cg24065597,1.2225947224487554,1.3135784960642147,0.34839453927523295,1.1971658920869983,0.9113218682936381,1.8709974079515979,1.0392563521399365,1.6443239192426586,0.48036140593930626,1.3279260587754642,0.8252839295537,1.5237157068821363,1.2635399441904074,1.502843532002384,0.7782698007778744,1.8038878179887012,0.4554479149899333,1.0602390634188754,0.3220286498989879,0.4434005463574088,1.5677418522908182,1.097726163039041,1.17839845489917,0.4614821188532858,1.0303315579881338,1.105910583572406,1.7631250301407966,1.1785370447069403,1.696699930946966,0.5437846122554305
cg25322986,1.692537882773867,1.0561901806128453,0.9779595010070994,0.4468078396683093,1.864619162948446,1.0402706347886193,1.608968665410234,1.6292776432202425,0.0878809764303259,0.856808662350588,1.2525744177334923,0.9925422210895103,1.9133647821069304,1.1261087182554432,1.004113963646728,1.4167969313278275,1.1137151345821035,0.5359175966809345,1.263165418245531,0.949791683383052,0.8729499117334107,1.3639888166701406,1.9248942365405595,1.0229080563197368,0.6262220085805162,0.7842668440152529,1.4128229473183171,1.3369780902990456,1.1255622517126003,1.0013033498605828
cg25342508,1.129918852314944,1.4578656943041701,0.8432193374914014,1.4731909484940404,0.6454703043937751,1.822265967403184,1.3063997879228473,1.3829699546466518,1.4887520901968139,1.7353348433273599,0.7405331707676079,1.2509503610733173,1.4189296422360456,1.0438479662516114,1.73491732473469,1.018788424680193,0.470897027444986,0.8438737217425024,1.249198061682455,1.048188218916726,1.3375855675685007,1.4521431560081934,0.6133050555619999,1.329163130870491,1.6654426995250189,1.3182697080994585,0.794308580125864,1.6346567368214184,1.7711874821689255,0.6953983971070548
cg25498107,0.7964000315890667,1.1086846070025747,0.6477350343011917,0.988600264504222,0.8452752380237787,0.3902000542308314,0.3221645918333421,1.5726320527482245,1.018096999005924,1.207713841449641,0.790226345331466,0.22874595227515165,0.8533103196791059,0.2940489891377567,0.2665319353907287,0.6451131523058857,1.1511909730109235,0.9124475838828601,1.1236476031091305,0.6128598004782462,0.5335644155986475,1.12785870146805,0.5104265877395806,0.8751307781261329,0.9412466851005322,0.43438305289445767,0.5618468081833204,0.45423235768498155,0.4426569697482753,0.2851737555771007
cg25536002,1.313086444982338,1.6463326724000125,1.6318428395959361,1.0574237723850097,0.41906363920823975,1.1794447010471454,0.7249732261723292,1.158280154165047,1.377173523578696,0.8343439030963332,1.3166572632774347,1.3074112696373024,0.9987732484131289,1.2306956586757936,0.7930914243864018,0.7894581576575898,1.5243020613540663,1.275680571367626,1.663081147132902,0.7109910300414705,0.5180577714313328,0.2359026381274155,1.191909806306347,1.0651715040025311,1.1159204336505104,0.9423000024278501,1.3169978429366047,1.2629445451637304,1.0044196606901532,0.7095505962205388
cg25601713,0.824630001171065,1.2861150450020036,1.3666508163231277,1.0109325359102963,1.6967637904707877,1.0720325084416662,0.9249093406566977,1.4106416958568637,1.1047328034799895,1.0339581802523414,1.2932559776432908,0.8401028424408055,0.8283960179856895,1.4646666108569661,1.5259088066478872,0.9078686980909675,0.9944949995963082,0.6915738170814992,1.8722827258338701,1.7076654705980665,0.9387522357111533,1.2217492587872227,0.7910035059442408,1.2712116639024114,1.8875906572576446,1.137185171487694,1.4860410991666617,0.3665135728427318,1.4603481941280814,0.8334470683355755
cg25627920,0.7081429754508961,0.17373513562329088,0.9081895430900035,1.3587027460705696,0.7487340104304199,1.439842517872374,0.6332141998962199,1.353069524750365,0.8351510102553246,0.7111423944568379,0.8901854822143777,0.993789776641877,0.7365804013553082,0.7582438481951275,1.3845543763811394,0.10733436396239879,1.1223660800061257,0.5863565502217978,1.519499976951465,1.3174845952919796,0.7116250703857163,0.4546103170531801,1.1709776607583273,1.2923891308993678,0.6268600969879441,0.3012004186913721,0.3294945840757781,0.5140591515920026,0.850086852313862,1.0303395672288296
cg26081710,1.6441425599282142,1.5186555820083045,1.1925707091209001,1.4786763694711818,1.087453814795101,1.4183982980291874,1.4727113509159286,0.808827553714734,1.523893153123936,1.400630425140507,1.1107054089089294,1.1866456185278706,1.1434446944734522,1.2023740799239753,1.35346729200216,1.0221195922891941,1.414697872218742,1.145441202103906,1.5183813211798052,0.6759805112768396,1.340634610771935,1.335616983068278,1.6732850632416896,1.5465921175674948,1.1818186655758887,1.7749630603113415,1.2118022257315084,1.1457488276876866,1.354971259974386,1.347285126207432
cg26167301,1.2385554093303375,0.37535559441700683,0.7369208320354806,0.9158897964919297,1.1636307681452496,1.1354905460789209,0.7533178734879041,0.9607546738086126,0.41286484209847174,0.8273395241136937,1.6816443911219816,1.1665799964904342,1.1028217999923882,0.4930931864208798,1.410913001540139,0.7742354443689364,0.6318518089262877,0.7777254323987093,1.2313914338594272,0.4447546218134973,1.594981740139362,1.2392907717049024,0.5425333110034296,1.0938665670469088,0.9578640510870464,1.23168395371568,0.7746397477957698,1.0651755076027478,0.8864665457451586,1.0910424313391252
cg26217827,1.4057914228830128,0.6084211449421213,1.0955177894373316,1.5970399296734692,0.16910238287535076,0.9436878447361066,1.6174450094067296,1.778793112791069,1.2577386431434867,0.567501788898549,0.9939693562878896,0.4019119169982589,1.1581211083233633,1.1180287004088585,1.1611272318265287,0.7532682449027408,0.8498247433048762,0.6376759851069751,1.3378811940531894,1.0008071954810585,1.5202609330689056,0.591283418688888,1.830925813118546,1.2726179559849837,1.272395283232471,1.6086562228965056,1.4023517673493278,1.5897636982953633,1.2673886603296873,0.48978890056376595
cg27056740,1.0445840741708232,0.6509523924400172,0.5951154676846824,1.814596215125575,1.8804045654870802,0.8816491393220276,1.246637075403103,1.4784386136676344,1.9282326525006166,1.0166590925495633,0.913129246298223,1.630441919697554,1.1508348614433999,0.6365021162412128,1.2563387527904124,1.2348285600669526,0.46007832685305095,1.2617608006322207,0.5622727165504019,1.2456003062036858,1.670388418732621,0.6600736296769936,0.7456537867610822,1.2681530034617068,1.125376774634806,1.3909836547677406,0.8177224354603227,1.86382198876337,1.3564157110581734,1.6774393977002364
cg27224751,1.6192524549902894,1.037257015528429,0.24599776477069502,0.9316023885736007,1.4356390669199794,0.9987205046795148,1.489195647968152,0.8304889408856831,0.9780451385883422,1.2248245559422957,1.2529673308683957,0.947382272688049,1.1448512063005811,0.8465505704140468,0.9114511262509067,1.3177926363912689,0.4657633126890857,0.980547810319869,1.40424455291136,0.7789900956605783,1.1114050416910775,1.121776960709744,0.7317722884279252,1.157497518077068,0.9935548437944688,0.9585347168482006,1.1365033355179763,0.8346966536240013,1.5495971436145999,1.6902085092722772
